Participant,Task_1,Task_2,Task_3,Task_4,Task_5
p008,CALIBRATION,STAIRWAY,BRIDGE,TOWER,BIAH
p009,CALIBRATION,TOWER,STAIRWAY,BIAH,BRIDGE
p010,CALIBRATION,BRIDGE,TOWER,STAIRWAY,BIAH
p011,CALIBRATION,BRIDGE,STAIRWAY,BIAH,TOWER
p012,CALIBRATION,BRIDGE,STAIRWAY,TOWER,BIAH
p013,CALIBRATION,BRIDGE,TOWER,STAIRWAY,BIAH
p014,CALIBRATION,STAIRWAY,BRIDGE,BIAH,TOWER
p015,CALIBRATION,BRIDGE,TOWER,BIAH,STAIRWAY
p016,CALIBRATION,BIAH,STAIRWAY,BRIDGE,TOWER
p017,CALIBRATION,STAIRWAY,TOWER,BIAH,BRIDGE
p018,CALIBRATION,STAIRWAY,BRIDGE,TOWER,BIAH
p019,CALIBRATION,TOWER,STAIRWAY,BRIDGE,BIAH
p020,CALIBRATION,TOWER,BRIDGE,BIAH,STAIRWAY
p021,CALIBRATION,STAIRWAY,TOWER,BRIDGE,BIAH
p022,CALIBRATION,BIAH,BRIDGE,TOWER,STAIRWAY
p023,CALIBRATION,TOWER,BIAH,STAIRWAY,BRIDGE
p024,CALIBRATION,BRIDGE,TOWER,STAIRWAY,BIAH
p025,CALIBRATION,BRIDGE,TOWER,BIAH,STAIRWAY
p026,CALIBRATION,TOWER,STAIRWAY,BRIDGE,BIAH
p027,CALIBRATION,BIAH,BRIDGE,STAIRWAY,TOWER
p028,CALIBRATION,BIAH,STAIRWAY,TOWER,BRIDGE
p029,CALIBRATION,BIAH,TOWER,STAIRWAY,BRIDGE
p030,CALIBRATION,BRIDGE,TOWER,STAIRWAY,BIAH
p031,CALIBRATION,STAIRWAY,TOWER,BIAH,BRIDGE
p032,CALIBRATION,STAIRWAY,BIAH,BRIDGE,TOWER
p033,CALIBRATION,BRIDGE,TOWER,BIAH,STAIRWAY
p034,CALIBRATION,TOWER,STAIRWAY,BRIDGE,BIAH
p035,CALIBRATION,BRIDGE,TOWER,BIAH,STAIRWAY
p036,CALIBRATION,TOWER,BRIDGE,BIAH,STAIRWAY
p037,CALIBRATION,BIAH,BRIDGE,STAIRWAY,TOWER
p038,CALIBRATION,STAIRWAY,BIAH,TOWER,BRIDGE
p039,CALIBRATION,BIAH,TOWER,STAIRWAY,BRIDGE
p040,CALIBRATION,BIAH,BRIDGE,STAIRWAY,TOWER
p041,CALIBRATION,BRIDGE,TOWER,BIAH,STAIRWAY
p042,CALIBRATION,BRIDGE,STAIRWAY,BIAH,TOWER
p043,CALIBRATION,BRIDGE,STAIRWAY,TOWER,BIAH
p044,CALIBRATION,BRIDGE,BIAH,STAIRWAY,TOWER
p045,CALIBRATION,BIAH,STAIRWAY,BRIDGE,TOWER
p046,CALIBRATION,BRIDGE,BIAH,TOWER,STAIRWAY
p047,CALIBRATION,TOWER,BRIDGE,STAIRWAY,BIAH
p048,CALIBRATION,TOWER,BRIDGE,BIAH,STAIRWAY
p049,CALIBRATION,STAIRWAY,BRIDGE,BIAH,TOWER
p050,CALIBRATION,TOWER,BRIDGE,STAIRWAY,BIAH
p051,CALIBRATION,TOWER,BIAH,STAIRWAY,BRIDGE
p052,CALIBRATION,BRIDGE,BIAH,TOWER,STAIRWAY
p053,CALIBRATION,STAIRWAY,BIAH,TOWER,BRIDGE
p054,CALIBRATION,TOWER,BRIDGE,STAIRWAY,BIAH
p055,CALIBRATION,BRIDGE,STAIRWAY,BIAH,TOWER
p056,CALIBRATION,TOWER,BIAH,BRIDGE,STAIRWAY
p057,CALIBRATION,BRIDGE,STAIRWAY,TOWER,BIAH
p058,CALIBRATION,TOWER,BRIDGE,STAIRWAY,BIAH
p059,CALIBRATION,BRIDGE,TOWER,STAIRWAY,BIAH
p060,CALIBRATION,BIAH,TOWER,STAIRWAY,BRIDGE
p061,CALIBRATION,BIAH,STAIRWAY,TOWER,BRIDGE
p062,CALIBRATION,TOWER,BIAH,STAIRWAY,BRIDGE
p063,CALIBRATION,BIAH,TOWER,BRIDGE,STAIRWAY
p064,CALIBRATION,BIAH,BRIDGE,STAIRWAY,TOWER
p065,CALIBRATION,BRIDGE,STAIRWAY,TOWER,BIAH
p066,CALIBRATION,STAIRWAY,TOWER,BRIDGE,BIAH
p067,CALIBRATION,TOWER,BIAH,STAIRWAY,BRIDGE
p068,CALIBRATION,BRIDGE,STAIRWAY,TOWER,BIAH
p069,CALIBRATION,TOWER,STAIRWAY,BIAH,BRIDGE
p070,CALIBRATION,BRIDGE,TOWER,BIAH,STAIRWAY
p071,CALIBRATION,BIAH,BRIDGE,TOWER,STAIRWAY
p072,CALIBRATION,TOWER,BIAH,STAIRWAY,BRIDGE
p073,CALIBRATION,STAIRWAY,BRIDGE,BIAH,TOWER
p074,CALIBRATION,BRIDGE,STAIRWAY,BIAH,TOWER
p075,CALIBRATION,TOWER,BRIDGE,STAIRWAY,BIAH
p076,CALIBRATION,BIAH,TOWER,BRIDGE,STAIRWAY
p077,CALIBRATION,BRIDGE,BIAH,STAIRWAY,TOWER
p078,CALIBRATION,STAIRWAY,BRIDGE,TOWER,BIAH
p079,CALIBRATION,BRIDGE,TOWER,BIAH,STAIRWAY
p080,CALIBRATION,STAIRWAY,TOWER,BIAH,BRIDGE
p081,CALIBRATION,STAIRWAY,BIAH,TOWER,BRIDGE
p082,CALIBRATION,TOWER,BIAH,BRIDGE,STAIRWAY
p083,CALIBRATION,STAIRWAY,TOWER,BRIDGE,BIAH
p084,CALIBRATION,BRIDGE,TOWER,STAIRWAY,BIAH
p085,CALIBRATION,BRIDGE,STAIRWAY,TOWER,BIAH
p086,CALIBRATION,BIAH,STAIRWAY,BRIDGE,TOWER
p087,CALIBRATION,STAIRWAY,BIAH,TOWER,BRIDGE
p088,CALIBRATION,STAIRWAY,BIAH,TOWER,BRIDGE
p089,CALIBRATION,BIAH,STAIRWAY,BRIDGE,TOWER
p090,CALIBRATION,BIAH,TOWER,BRIDGE,STAIRWAY
p091,CALIBRATION,STAIRWAY,TOWER,BIAH,BRIDGE
p092,CALIBRATION,TOWER,STAIRWAY,BIAH,BRIDGE
p093,CALIBRATION,BRIDGE,TOWER,BIAH,STAIRWAY
p094,CALIBRATION,BRIDGE,BIAH,STAIRWAY,TOWER
p095,CALIBRATION,BRIDGE,TOWER,STAIRWAY,BIAH
p096,CALIBRATION,TOWER,STAIRWAY,BIAH,BRIDGE
p097,CALIBRATION,STAIRWAY,BIAH,TOWER,BRIDGE
p098,CALIBRATION,TOWER,BIAH,STAIRWAY,BRIDGE
p099,CALIBRATION,TOWER,STAIRWAY,BRIDGE,BIAH
p100,CALIBRATION,TOWER,BRIDGE,BIAH,STAIRWAY
